"Honestly, you can never have too many <BLANK>","beepers 
frenemies 
reasons to stay inside",no,no,,
You know a restaurant is bad when the waiter says “<BLANK>”,"Shhhh... only get the house salad 
Would you like to hear my mixtape? 
Run. RUN!!!!!",no,no,,
That horror movie was so scary until the killer turned out to be <BLANK>,"society 
a slippery banana peel 
a very average horse",no,no,,
What would you call your ANTI-social network?,"Macebook 
Instaham 
UnlinkedIn",no,no,,
An old-fashioned curse word that nobody uses anymore,"Ham-tootin' 
Flibbertigibbet 
Cod-dangit",no,no,,
What’s the worst thing to wear when running a marathon?,"a cozy caftan 
sandpaper shorts 
a frown",no,no,,
Your fish are bored! You should put a <BLANK> in their tank to amuse them.,"tiny stand-up comedian 
Nintendo 64 
\""Chicken Soup for the Soul\"" book",no,no,,
"In this house, “Grandma” and “Grandpa” are known as <BLANK>","the enemy 
Gim-Gammy and Paul 
Dr. and Mrs. Charleston",no,no,,
“Pokémon Trainer” is a much nobler job title than “Pokémon <BLANK>”,"gambler 
incinerator 
life coach",no,no,,
Archaeologists won’t admit they’ve discovered cave paintings of <BLANK>,"the first hoagie 
mindless small talk 
our ugliest ancestor",no,no,,
The secret thing cats do when we’re not looking,"Invest in bonds 
Something interesting for once 
Make scrambled eggs",no,no,,
A good sign that you’re a terrible farmer,"silos filled with jelly beans 
wear a three-piece suit on the tractor 
can't spit fer nuthin'",no,no,,
"If your childhood toys came to life, they would probably say “<BLANK>”","You're disgusting 
I thought what we had was special 
Why did you wet the bed so much?",no,no,,
The worst restaurant: <BLANK> Hut,"Butter 
Loose Kale 
No Handwashing",no,no,,
What skin tags probably taste like,"niblets of corn 
crab meat 
candy canes",no,no,Chicken,"""Oh god, bluh, that is disgusting! Everybody knows that they taste like cheese puffs!"""
What your mom thinks the word “yeet” means,"young feet 
fake meat 
what little lambs say",yes,no,,
You know it’s a party when someone shows up with <BLANK>,"emotional baggage 
lukewarm dip 
loose firecrackers",no,no,,
You know the lottery scratch-off ticket won’t pay out much when the goal is to get three <BLANK>,"cigarette butts 
socks with holes in them 
cherry pits",no,yes,,
A surprising new use for kale,"Wound dressing 
Decoupage 
Jet fuel",no,no,,
"Believe it or not, kids are going crazy over these <BLANK> trading cards","Pro-Capitalism 
Blank 
Math!",no,no,,
A name for a music festival your mother would approve of,"Easy Listening Fest 
Hot Meal-a-palooza 
Home by Eleven",no,no,,
"What defeats rock, paper AND scissors?","hook 'em horns 
the human heart 
a military-issue flash grenade",no,no,"Fart 
Farts","""Yeah. Obviously. Fart covers rock, it warps paper, and it makes scissors rusty. Boom, there it is."""
"Along with tall, grande and venti, Starbucks should add a new coffee size: <BLANK>","Chonky 
Hypertensionetti 
Bucket",no,no,,
The nicest compliment you can give to a snake,"You're looking especially scaly today 
That's the widest jaw I've ever seen 
Hey baby, shake that rattle for me",no,no,,
"Under a full moon, a small number of people turn into <BLANK>","real jerks 
whatwolves 
their younger selves",no,no,,
What the US president counts at night instead of sheep,"Barrels of oil 
selfies 
Press Secretaries",yes,no,,
A rejected slogan for milk,,no,no,,
"There’s nothing sexier than a tall, beefy boy who knows how to <BLANK>","build his own gaming PC 
be emotionally available 
pull off overalls",no,yes,,
What’s at the core of the planet named after you?,"Nachos 
Chronic anxiety 
The stuff Pringles are made of",no,no,,
Name of an award show that celebrates the most mediocre movies of the year,"The Decents 
The ""Meh""mmies",no,no,,
Relationship rules: Never go to bed angry and never wake up <BLANK>,"a werewolf 
your dog 
in a second location",no,no,,
He’s just not that into you... because he’s into <BLANK>,"Beyblades 
perfecting his sourdough starter 
stamp collecting",no,no,,
Hard to believe but Madame Tussauds now has a wax statue of <BLANK>,"the inventor of Poo-Pourri 
you, the viewer at home 
your future husband",no,no,,
The worst words to end a scary story,"the killer was let out early on good behavior 
Turns out the real monster was society 
Thank you for reading my cover letter",no,no,,
The absolute dumbest question to pose in Yahoo! Answers,"what do I feel like eating? 
what's my favorite color? 
why does the sun keep rising?",no,no,,
A good use for all your old CDs,"obnoxious earrings 
enjoying the hits of the '90s 
radical coasters",no,no,,
"The worst breakup line: “It’s not you, it’s <BLANK>”","my hotter friend 
my raised standards 
...actually it definitely is you",no,no,,
It would be terrifying to have a painting of <BLANK> above your bed,"Count Dooku 
Mr. Peanut 
your dead pet",no,no,,
A cool nickname for your bowel movements,"The Pain Train 
Farty Friends 
The Stinky Boyz",no,yes,,
A sure sign you are trapped in a horrible nightmare,"teeth keep falling out 
keep losing ability to fly 
you're sharing your bed with a wolverine",no,no,,
"First, she asked for legs, then the Little Mermaid asked for <BLANK>","peep toe wedges 
an annulment 
a sequel",no,no,,
What every woman is hiding under her bangs,"an all-seeing third eye 
smaller, worse bangs 
a tiny Bugs Bunny tattoo",no,no,,
The generational nickname for babies born ten years from now,"Baby Gloomers 
Gen Why 
Willenials",no,no,,
A cute nickname for your butt,"my lower shoulders 
portable seat cushion 
Butty Booty Butt Butt",no,no,,
A comment that has NEVER been made on the internet,"I agree with everything in this post 
I'm happy to be proven wrong! 
I don't have an opinion.",no,no,,
A terrible new name to get from the Witness Protection Program,"Garth Vadar 
Tabitha Hinkledorp 
Barry S. Runningfromthemafia",yes,no,,
This year’s LEAST popular kids’ toy is: “The <BLANK>”,"Existential Dread 
Stock Market 
Plain block of wood",no,no,,
You know your date is a slob when you find <BLANK> in the middle of their living room,"a fresh turd 
cans of tuna fish",no,no,,
The most erotic amusement park ride is called the <BLANK>,"The Tunnel of Making Love 
The Merry-Go-Down 
The Scrambler",no,yes,,
The name of Snow White’s millennial eighth dwarf,"Techy 
Emoji 
Bodhi",yes,no,,
“Haste makes <BLANK>”,"a terrible casserole 
falling down stairs more possible 
for a bad hair day",no,no,,
"If you could fart to the melody of one song, it would be <BLANK>","Say My Name 
Every Breath You Take 
Gangnam Style",no,no,,
What Cookie Monster snacks on when nobody’s looking,"kale chips 
celery 
carrots",no,no,,
A better name for the TV show Friends,"White People Problems 
Codependent Relationships 
Two Nice Apartments",no,no,,
Something the Pope might sell on Home Shopping Network,"Jesus-shaped waffle iron 
""Miracle"" hair growth oil 
Vatican timeshares",yes,no,,
The only SAFE sex is <BLANK>,"holding hands 
between two health inspectors 
ear play",no,yes,,
A great way to stand out at comic book conventions is to dress like <BLANK>,"a food court counter with no lines 
a normal person, for once 
someone about to get kicked out for nudity",no,no,,
"In the lamest campfire tale, the young couple is terrorized by <BLANK>","their mother-in-laws 
student loan debt",no,no,,
Still-life paintings would be more interesting if they were bowls of <BLANK>,"fancy bugs 
caramels 
treasure maps",no,no,,
A fun nickname for the worst kid on a sports team,"MVP 
Johnny Bad Feet 
Flip Flop",no,no,,
The show must go on! Unless there is <BLANK> in the audience.,"candy 
a horse 
too much gas",no,no,,
The worst thing to be inscribed on a welcome mat,"Our Home Is Legally Your Home 
Hello forever! 
Please take off your feet",no,no,,
An adorable name for sideburns,"cheek shingles 
hair squares 
facial swatch",no,no,,
"One-Star Hotel Review: “Terrible mattress, no towels and <BLANK>”","tub was stolen 
big hole in wall where door should be 
had to share bed with bellhop",no,no,,
The best name for a mom gang,"Heck's Angels 
The Mighty Karens 
The Bottle Brigade",no,no,,
Casinos hate it when you walk up to the blackjack table and yell: “<BLANK>!”,"Hole in one! 
I know game theory! 
Elvis is alive!",no,yes,,
“A good man is hard to <BLANK>”,"buy socks for 
fold into quarters 
locate in a crowded theater",no,no,,
A great sport that never caught on: <BLANK> on ice skates,"logrolling 
trampoline",no,no,,
The one thing you should never slather mayonnaise on,"armpits 
roadkill 
an infected wound",no,no,,
The worst pattern for a women's dress print,"blobfish 
sticks of dynamite 
pots and pans",no,no,,
“The meek shall inherit <BLANK>”,"a set of encyclopedias 
a course on public speaking 
their uncle's stamp collection",no,no,,
A scrapbook nobody wants to see would be devoted to <BLANK>,"ceramic clown masks 
sewer rats 
photos of total darkness",no,no,,
The worst thing to use as confetti,"BEES! 
a million paperclips 
the deed to the ranch",no,no,,
"Gruesome! Instead of prickles, there’s a cactus that protects itself with <BLANK>","boneless chicken wings 
smaller cacti 
pus",no,no,,
A terrible model name for a self-driving car,"Cliffdiver 
Wanderer 
Rammer",no,no,,
"Dear Science, stop already! We know enough about <BLANK>!","the empty void of space 
unlikely animal friendships 
male pattern baldness",no,no,,
A more respectable way of saying “junk in the trunk” is <BLANK>,"knick-knacks in the back 
fine behind 
less blunt than the front",yes,no,,
The best name for a rideshare company to stand out from competitors,"Silent Ride 
Clown Cars Unlimited 
Cars with Wings",no,no,,
Your last thought before passing into the afterlife,"baba booey 
I wish I had gotten into more internet fights 
Hope God is hot",no,no,,
The dish that gets you uninvited from future potlucks,"Loose handfuls of chili 
Edible-ish silica packets 
Haggis for a crowd",no,no,,
"You know it’s bad when your mom says, “I’m not mad, I’m <BLANK>”","full of rage 
leaving 
past feeling emotions",no,no,,
A pickup line you might say to someone at the library,"May I feel your spine? 
You know, Dewy Decimal was my father. 
My love for you is no fiction",no,no,,
It’s a bold choice to send someone a bouquet of <BLANK>,"Pringles 
Loose grapes 
snakes",no,no,,
The worst thing to yell from a clothing store dressing room,"My water broke! 
I hope you didn't want this one back. 
What a buffet for me, the Jeans Eater!",no,no,,
Mother called you a “toddler tyrant” when you <BLANK>,"made the class swear fealty to your kingdom 
conducted regular toy executions 
violated the Geneva Conventions",no,no,,
Hate Valentine’s Day? There’s a new holiday called <BLANK>,"Basement Gaming Day 
Lonely Dive Bar Day 
Single 'n Loving It Day",no,no,,
The name of an appointment scheduling app nobody downloads,"Maybe Later 
Punk-tual 
Only Wednesdays",no,no,,
Family secret! Grandma keeps her cash in <BLANK>,"other people's bank accounts 
her motorcycle 
visible",no,no,,
Name for a wacky sitcom about ancient philosophers,"That's Our Plato! 
Three Men and a Theorem 
Greek's Company",no,no,,
What used to have wings before God took away its power of flight?,"electric guitars 
hot sauce 
the snapping turtle",no,no,,
The name of the tamest action movie ever made,"The Slow and the Serene 
Rambo's Porch Swing 
Spider-Man Quarantined at Home",no,no,,
"“Fool me once, shame on you. Fool me twice, <BLANK>”","hoo boy, I'm not doing too good, huh 
I'll see you in COURT 
I love being fooled! Hooray!",no,no,,
The best name for a gamers-only utopia,"Stardew Valley 
Nintendoland 
World of Warcraft",no,no,,
"A nickname for a big, bushy beard","chin topiary 
Sully from Monsters Inc 
Teddy Beard",no,no,,
A pretty compelling reason to stop wiping your butt,"Save the trees 
Insurance for introverts 
TP better for making mummies anyway",no,no,,
The weirdest video game: <BLANK> Simulator,"interior latex paint 
burnt toast 
exfoliation",no,no,,
A fairy tale that never caught on: <BLANK> and the Beast,"The Influencer 
The Tiger King 
A Metaphor for Society",no,no,,
The next Pixar movie will be about a talking <BLANK>,"Pixar animator asking for time off 
bottle of massage oil 
laundry basket",no,no,,
A contestant’s job title you would NOT be surprised to see on The Bachelor,"Fun Enthusiast 
Animal Protector 
Gift Wrap Specialist",yes,no,,
The name of a substitute teacher no student would mess with,"Mr. Roadkill 
Dean Destroya 
Mrs. Decepticon",no,no,,
"Whatever you do, do NOT put sriracha on <BLANK>","your eyes 
your birthday cake 
your cousin",no,no,,
You know you’re super bored when you fill out the “Which <BLANK> Are You” quiz,"pavement brick 
patch of moss 
roadie for A Flock of Seagulls",no,no,,
The strangest clickbait headline: “Hot <BLANK> Are In Your Area”,"Toms 
Stovetops 
Podiatrists",no,no,,
A truly innovative technology would be <BLANK>-canceling headphones,"cable 
uninteresting people 
ear",no,no,,
The name of a cologne that would be a woman repellent,"Eau De Fedora 
Axe: Garbage Truck 
pure corn syrup",no,no,,
Doctors Without Borders is a much better organization than Doctors Without <BLANK>,"Medical Degrees 
Pants 
Border Collies",no,no,,
The weirdest celebrity demand in a rider contract: The greenroom MUST have <BLANK>,"a second, smaller greenroom 
a way to make me feel whole again 
the biggest hoagie you've ever seen",no,no,,
The most memorable category you’d ever see on Jeopardy!,"Impotent Potables 
Alex Trebek's Favorite Jams 
Must Not Be Answered in Form of Question",yes,no,,
A warning that should come with alcohol: “May Cause <BLANK>!”,"Empty Promises 
Disappointment 
Unexpected late-night Amazon orders",no,yes,,
What unicorn meat tastes like,"marshmallows 
A very young elephant 
dinosaur gummies",no,yes,,
Something that should never be described as “juicy”,"a corpse 
a political campaign 
a bunny rabbit",no,no,,
A reminder that pops up on the Devil’s phone: “Remember to <BLANK> today!”,"smile 
get God's kid a b-day present 
buy eggs, milk, brimstone",no,no,,
A fun nickname for tampons,"Sponge friends 
Blood buddies 
Menstruation reclamations",no,no,,
The next big hit Broadway musical is going to be about <BLANK>,"Rent II: Mortgage Payment 
Guys & Dolls & Cops & Cowboys 
North Side Story",yes,no,,
Good Idea: reusable bags. Bad Idea: reusable <BLANK>,"lunch meat 
breakup texts 
toilet paper",no,no,,
The weirdest thing your Uber driver could offer you,"Some actually good advice 
The car 
A bag of loose mice",no,no,,
Why do babies’ heads smell so good?,"Delicious jelly filling 
nature wants us to lick babies 
Perfect seasoning in the womb",no,no,,
What toddlers would buy if they had mad Ca$h,"Respect 
cookie ladder 
Upgrade Onesie to a Twosie",no,no,,
An appropriate pickup line for church,"Didn't I see you here last Sunday? 
What's your confirmation name? 
This is usually the only place I kneel",no,no,,
"When your Roomba is charging, what does it dream about?","Nothing but murder 
Escape 
Dating the cat",no,no,,
Who knew police give tickets for <BLANK>?,"not staying in your bowling lane 
impersonating police 
having a bad hair day",no,no,,
Something you should never order at a business lunch,"sloppy joes 
plain tap water 
dinosaur nuggets",no,no,,
A terrible idea for a children’s pop-up book: The Adventures of <BLANK>,"Bob the Tapeworm 
GWAR 
The Man Who Will Kill Your Parents",no,no,,
Adults should be able to go door-to-door on Halloween and get <BLANK>,"drunk 
away from their spouse 
a quick massage",yes,yes,,
Everyone was sad when they saw the piñata was full of <BLANK>,"donkey organs 
helium 
regret",no,no,,
Something that would definitely NOT taste better pickled,"chocolate cake 
my husband 
bubblegum",no,no,,
A better name for skinny-dipping,"Funky Dunking 
Mash 'n Splash 
Naked Pool Time",no,no,,
Two words that will get a big laugh as a callback later in the game,"Larry Seinfeld 
hunky chunk 
sloppy daddy",no,no,,
"If they made a candle of your life, it would smell like <BLANK>","day-old Doritos 
chronic depression 
gamer fuel",no,no,Fart,"""For everyone's sake, I hope that it's an outdoor candle"""
Taco Tuesdays are so much better than <BLANK> Wednesdays,"weeping 
wet taco 
welding",no,no,,
"A rejected Dr. Seuss book title: Oh, The Places You’ll <BLANK>","Only See in Magazines 
Leave Shortly After Arriving 
Need to Clean",no,no,,
A rejected Christmas song: “Santa Claus Is Coming to <BLANK>”,"Freak You Out 
Bermuda 
Get What's His!",no,no,,
"You know your doctor is an idiot when he says, “I need ten cc’s of <BLANK> STAT!”","Clorox 
good thoughts 
bees",no,no,,
Hurrah! The United States is the world leader in <BLANK>,"ignoring the metric system 
King Kong attacks 
Coca-Cola flavors",no,no,,
A bumper sticker you’d consider displaying: “Ask Me About My <BLANK>”,"impulsive spending habits 
dreams 
trunk contents",no,no,,
Werewolves have TWO weaknesses: silver bullets and <BLANK>,"standardized testing 
rom-coms 
a pint of rocky road",no,no,,
The dumbest petition would push for <BLANK>,"return to 90s style cell phone ringtones 
free breadsticks at all restaurants 
National Online Troll Day",no,no,,
Nobody would greenlight a kid’s game show called “Where in the World is <BLANK>?”,"the ocean 
a lean pastrami sandwich",no,no,,
The sexiest dessert,"banana splits 
eggplant emoji a la mode 
apple pie on occasion",no,no,,
"Someone who looks good is a “snack,” but someone who looks REALLY GOOD is a <BLANK>","Reuben sandwich 
midnight buffet 
banana split",no,no,,
A website just for grandpas: www.<BLANK>.com,"khaki pants 
judgement 
Steely Dan",no,no,,
The quickest way to become the most popular kid in school,"Two words: infinite milkshakes 
Kidnap the prom king",no,no,,
What the coolest grandparent slips into a birthday card,"winning bingo card 
a little extra ice cream 
Spongebob's phone number",no,no,,
What the most popular kid from your high school is probably doing right now,"working at the car dealership 
regretting his choices 
his taxes",no,no,,
Susan has such a youthful glow ever since she started washing her face with <BLANK>!,"pancake batter 
Young Face IPA 
balsamic vinegar",no,no,,
Avoid the classified post that offers “Free <BLANK> to Good Home”,"opened jar of mayo 
dessert",no,no,,
Coffee shops always get names wrong. They should just hold up an order and shout “<BLANK>!”,"Anybody! 
Tall guy!",no,no,,
The best way to set the mood is to turn down the lights and turn up the <BLANK>,"jams 
smooches",no,yes,,
An unlikely spokesperson for vaping,"my great aunt 
a cartoon cigarette 
my yoga instructor",no,no,,
Prison would actually be super fun if only it had <BLANK>,"show choir 
a roller coaster 
weekly bake-offs",no,no,,
The most outrageous thing you can smuggle inside a baguette,"a smaller baguette 
a nest of baby snakes 
the cursed idol",no,no,,
A very unlikely place to meet your soulmate,"An anti-love protest 
At your wedding 
family reunion",no,no,,
The best part about living in a sewer,"your radical brothers and rat dad 
delicious alligators 
law firm adjacent",no,no,,
"Alice in Wonderland is weird, but it makes more sense than Alice in <BLANK>","debt 
my living room",no,no,,
"In the worst magic show, the magician pulls <BLANK> out of a hat","a nickel 
a classified ad 
lint",no,no,,
Something you’d gladly pay $45 for,"a six pack of paper towels 
dinner for ten people 
the right to drive on the shoulder in rush hour",yes,no,,
The next big romance novel: For The Love of <BLANK>,"Pasta 
Tweet 
your mother-in-law",no,no,,
The dumbest thing to buy in bulk,"warm milk 
sport utility vehicles 
assassins",no,no,,
"Sorry, we don’t have Coke or Pepsi. Is <BLANK> okay?","sugar in water 
whiskey 
lasagna",yes,no,,
A request you’d make on your dating profile: “Must love <BLANK>”,"being late all the time 
cheese 
my college roommate",no,yes,,
Who is God’s understudy?,"God Jr. 
a young starlet with big dreams",no,no,,
What’s the worst sound to hear when shaking a Christmas present?,"underwear sounds 
tempting whispers 
rattlesnake",no,no,,
"The best response to “I know you are, but what am I!?”","stone cold silence 
about to be punched 
a speck of dust in the wind",no,no,,
"After juggling chainsaws, the next skill to master is <BLANK>","reattaching limbs 
repairing the ceiling 
juggling pianos",no,no,,
Cap’n Crunch’s nickname at the Naval Academy,"Ensign Crunch 
ol' milk 'n spoon 
breakfast buddy",yes,no,,
What’s the trick to staying up when you have to pull an all-nighter?,"multiple roosters 
throw bed out window 
ice cold underwear",no,no,,
A sure sign you are currently dating a grizzly bear,"fur in the shower 
claw scratches on front door 
closet full of stolen picnic baskets",no,no,,
The daily special at a diner for bears,"big fat fish 
always salmon, always 
7,000 french fries",no,no,,
The real reason you’re not going to the party tonight,"I'm lazy 
kidnapped by aliens who want to harvest my hair 
heard my ex is gonna be there",no,no,,
The simplest pleasure known to man,"BBQ-ing while wearing linen shorts 
swimming in pudding 
adopting a dog",no,no,,
"It is bad luck if you break a mirror, but good luck if you break <BLANK>","dance 
bad 
a one-way mirror",no,no,,
The worst thing to find in your belly button,"a sustainable farm 
coal 
a body",no,no,,
The sexiest kitchen appliance,"the submissive spoon 
the singles mixer 
leather oven mitt",no,yes,,
The real reason people are afraid of the dark,"werewolves 
not enough light 
no vitamin D",no,no,,
What you call pants when you want everyone to think you’re fun,"leg sleeves 
PANTS! 
clothing tubes",no,no,,
Okay... just between us... which boy do you have a crush on?,"the cute one 
most of my science class 
Biebs",no,no,,
The “forbidden meat” comes from what animal?,"evil chickens 
Brian",no,no,,
What do boxers whisper to each other at weigh-in?,"Is kicking allowed? 
I'm good at punches 
love your trunks!",no,no,,
"What obscure cryptid monster stalks the streets of Cleveland, Ohio?","Normal Foot 
Brian",yes,no,,
What shape never took off with animal crackers?,"Endangered Chocolate Chip 
Sloppy Pigs 
sea anemone",yes,no,,
There’s a secret tax loophole that allows you to count <BLANK> as dependents,"ideas 
monsters under your bed",yes,yes,,
The most surprising place to find a missing contact lens,"in a pile of snakes 
someone else's eye 
the ceiling",no,no,,
A terrible sound option to have on a white noise machine,"yelling 
crying in the bathroom 
EDM",no,no,,
"No, the house isn’t haunted. The moaning you hear at night is just <BLANK>","charming 
a sea monster 
the newlyweds next door",no,yes,,
What’s your reflection doing when you turn your back?,"something creepy 
making balloon animals",no,no,,
"The worst thing to see through a telescope, hurtling towards Earth","a giant ball of used underwear 
that alligator you flushed as a child 
a giant nut! (I'm allergic to nuts)",no,no,,
"Instead of a siren, police could get cars to respond faster by blasting <BLANK>","Jimmy Buffett tunes 
raccoon shrieks 
""Weird Al"" Yankovic",yes,no,,
"Carl, the kind cat burglar, leaves your valuables and takes your <BLANK>","ugly sweaters 
leftovers about to go bad 
trash out",no,no,,
The apartment lease says it’s okay to have dogs as long as they <BLANK>,"live in a fish tank 
are not bad dogs 
are cats",no,no,,
Why do hot singles in your area want to talk to you?,"Just chatty 
Because I listen! 
wrong number?",no,no,,
Dogs are so gullible they actually believe <BLANK>,"beanie babies will gain value 
most marketing claims 
there's nothing inside pill pockets",no,no,,
You know you’re rich when you have a room just for <BLANK>,"eating snacks 
old cell phones 
Tamagotchis",no,no,,
"In a pinch, this can serve as a life raft","air mattress 
a friend who owes you a favor 
an actual boat",no,no,,
"“I didn’t come here to make friends, I came here to <BLANK>”","make best friends 
drink milk 
hurt some feelings",no,no,,
How do you know your friends are a bunch of phonies?,"they smell like hot plastic 
they're mean to your mom 
keep complimenting your muumuu",no,no,,
Something that should never be described as “rustic”,"tampon 
health care 
set of linens",no,no,,
The attention-craving celebrity who appears when you say their name to a mirror five times,"any hip hop star 
a contestant from Love is Blind 
that dude from SNL",no,no,,
An inappropriate gift to welcome someone to the neighborhood,"old beef stew 
fuzzy handcuffs 
bag of dog poop",no,no,,
"Forget cats and dogs. When the weather gets REALLY bad, it starts raining <BLANK>","hot garbage 
half-price appetizers 
extra dogs",no,no,,
"Nothing is certain but death and taxes... oh, also <BLANK>","happy hour 
climate change 
teen angst",no,no,,
Oh no! You washed all your clothes with <BLANK> in the pockets!,"gerbils 
hand-written checks 
blood",no,no,,
A sure sign that your takes are way too hot,"Twitter bursts into flames 
second-degree burns 
your mom calls you",no,no,,
"Against your better judgment, the thing you really want to put down the garbage disposal","a live chicken 
Barbies 
a giant foam finger",no,no,,
A good name for a dating app for lawyers,"objection 
sustained relationships 
the courting room",no,no,,
A great name for a superhero who can communicate with cats,"Catmandu 
Meow Miss 
Catcaller",no,no,,
What seagulls are usually thinking,"these idiots 
where am I? 
squawk squawk",no,no,,
What should have happened at the end of Titanic,"boat flies away 
it was all a dream 
sharks",no,no,,
"Dorothy meant to say, “There’s no place like <BLANK>”","bone 
the bathroom",no,no,,
Movie reboot idea: The Devil Wears <BLANK>,"Nike 
a red hat 
business casual",no,no,,
"Nothing will wake you up faster than a nice, hot cup of <BLANK> in the morning","laxative 
pure horse adrenaline 
chili peppers",no,no,,
A rejected fairy tale title: “Jack and the Giant <BLANK>”,"Noogie 
property tax bill 
chicken pox",no,no,,
A weird thing for a dentist to say while you’re in the chair,"let's have a look at that mole 
So I'm getting divorced. Sucks. 
mouths are disgusting if you think about it",no,no,,
The worst name for an educational kids’ show,"Pennywise's Science Minute 
Learning Through Screams 
Nothing but Recess!",no,no,,
A terrible thing to discover squirrels burying in your yard,"family albums 
my credit cards 
life-saving medication",no,no,,
<BLANK> much?,"bite your nails 
eat ramen 
bad breath",no,no,,
The greatest thing in the world to Auto-Tune,"my podcast feed 
an extended beer belch 
Alvin and the Chipmunks",no,yes,fart sounds,"Okay, don't say I never did anything for ya. Here goes. (auto-tunes fart sounds) You're welcome."
"In the dystopian future, all clothing will be made from <BLANK>","plastic bags 
other people 
sadness",no,no,,
The worst ringtone to play on your phone during a work meeting,"Baby Shark 
heavy breathing sounds 
your audition for The Voice",no,no,,
Modern-day Mary Poppins suggests taking a spoonful of <BLANK>,"Adderall 
coconut oil 
capitalism",no,no,,
The worst thing to say after kissing someone,"Lasagna for lunch? 
Just like my mom 
Yummers",no,no,,
Got <BLANK>?,"pugs 
got 
any gum",no,no,,
The special skill on a resume that would make you immediately hire that person,"psychic powers 
secret family 
part-time party animal",no,no,,
"Instead of whistling, an updated version of Snow White suggests you <BLANK> while you work","cry 
Fortnite 
watch YouTube",no,no,,
A surprising thing to find caught in the spiderweb in your basement,"money 
grandpa 
a rival gang of spiders",no,no,,
A truly disgusting flavor for toothpaste,"cat food 
Doritos 
mouth flavor",no,no,,
"“No shirt, no shoes, no <BLANK>, no service”","bills smaller than a 20 
great knock-knock jokes 
face",no,no,,
"With the best credit card ever, you can redeem reward points for <BLANK>","candy bars 
self-esteem 
dates with celebrities",no,no,,
What a cat would do if it had human hands,"murder you 
ride a dog to the store, buy a fish 
identity theft",no,no,,
It should be illegal to put <BLANK> in a buffet,"cooked baby carrots 
a dead body 
great care and effort",no,no,Poop,"So, don't get me wrong, I'm no lawyer, but I believe that already is illegal."
"Okay wow, God just announced He is sick of hearing prayers about <BLANK>","your love life 
getting into heaven - just relax!! 
Jimmy Buffett tickets",no,no,,
A better use for Rapunzel’s hair,"make a nest for endangered eagles 
whip it back and forth (dancing) 
just braid it and make it cute",no,no,,
The worst thing to say instead of “I do” at your wedding,"""somebody else does"" 
""Sure"" *shrugs shoulders* 
""Ask again later""",no,yes,,
What The Beach Boys called themselves before they ever saw the ocean,"The Swamp Boys 
The Boys 
The Beatles",no,no,,
Little known fact: Guns N’ Roses used to to be called Guns N’ Roses N’ <BLANK>,"Little Donny Smith 
Horses 
Bake Sales",no,no,,
What social distancing is called on Antarctica,"deep freezing 
life on Antarctica 
nobody likes you",no,no,,
An unlikely celebrity to become the next President of the United States,"the Taco Bell dog 
Barack Obama 
Guy Fieri",yes,no,,
The most boring reality TV contest would feature competitive <BLANK>,"watch repair 
calligraphy 
dry cleaning",no,no,,
Solar and wind will be a joke once we harness the power of <BLANK>,"cow farts 
raw charisma 
laundry detergent pods",no,no,,
"“You can lead a horse to water, but you can’t make it <BLANK>”","say ""thank you for the water"" 
in show business 
enjoy hanging out with you",no,no,,
The best way to describe the texture of a jellyfish,"scary goopy 
living booger 
plastic bag full of poison Jell-O",no,no,,
The worst person to accidentally add to a group text about your love life,"the person you're writing about 
your old babysitter 
your younger brother",no,no,"Mom 
Mama","Okay, funny story. About five years ago, I was going through a... a breakup of sorts, so I texted my therapy group about it and I get this frantic message: ""Josh, how many marriages can you destroy? I raised you better than that! Susan loves you! Who's going to do my manicures now?"" Long story short, Susan still does my Mom's manicures, but it's... it's uhh... it's awkward, it's very awkward. Did I say this was a funny story?"
The scariest thing that could pop out of your birthday cake,"your mom 
one million spiders 
student debt",no,no,,
A good name for a camel dance troupe,"Hump Night 
Deserted 
Hump it up",no,yes,,
"Besides cockroaches, the one thing that will survive the apocalypse","the metric system 
Volkswagens 
spray can cheese",no,no,,
What’s your mom worrying about today?,"my future 
a computer virus she repeatedly downloads",no,no,,
The name of a planet covered in corn,"Corn-Saturn 
Cobland",no,no,,
“If you build it they will come” applies to baseball fields and <BLANK>,"Renaissance fairs 
chocolate factories",yes,no,,
What’s the name of the Walmart aisle where you can go cry in peace?,"jellies, jams, and crying 
Knitting/Yarn",no,no,,
The cow goes moo. The drunk cow goes <BLANK>,"Moo-ve out of my way, Janet! 
Let's order Domino's 
Let's go us-tipping!",no,no,,
"Unfortunately, Curious George was the most curious about <BLANK>","quicksand 
timeshares 
laundry pods",no,no,,
The most popular job title in 2040,"ditchdigger 
robot assistant 
oxygen deliveryman",no,no,,
Did you know your garden hose can double as a <BLANK>!?,"sad shower 
toy snake 
xxxxxxxxxxl belt",no,no,,
A terrible Mother’s Day gift,"jar of sweet relish 
half-used bar of soap",yes,no,,
"Doctors say <BLANK> is not addictive, but you’re hooked!","ibuprofen 
bread 
having fun",no,no,,
"Understandably, no one wants to adopt Little Orphan <BLANK>","Old Man 
Idiot 
Evil Doll",no,no,,
A deodorant scent designed by a dog,"Urinal Cake 
Wet 
Blood",no,no,,
America doesn’t have a royal family. We just have <BLANK>,"The Kardashians 
Muppets 
The Simpsons",no,no,,
"A lighter, more romantic sequel to Crime and Punishment would be called <BLANK>","When Crime Met Punishment 
Crime, Punishment, and Gardenias 
Giggles and Punishment",no,no,,
"Instead of Truth or Dare, kids these days play Truth or <BLANK>","fake news 
consensual actions 
Fortnite",yes,no,,
The worst thing to use as a straw,"your leg 
a taco 
a seagull",no,no,,
"For containers, you go to The Container Store. For sex toys, you go to <BLANK>","The Pleasure Emporium 
Ye Olde Dildo Shoppe",no,yes,,
A cocktail you make for sad occasions,"A Tom Bawl'ins 
Warm flat beer 
The Crying Lucinda",no,no,,
"A business word an important businessman might say, for business","Synergy 
Corporatize 
you're fired",no,no,,
"Money can’t buy happiness, but it CAN buy <BLANK>","infinite puppies 
a butler named 'Happiness' 
a sick Jacuzzi",no,no,,
Jesus’ secret middle name,"Holy 
Carpenter 
Brad",no,no,,
A better name for comic books would be <BLANK>,"laugh squares 
dork bibles 
picture friends",no,no,,
A good name for the opposite of a silent-but-deadly fart,"loud n' proud 
horn time 
Chernobyl",no,yes,,
"Look, it’s all fun and games until <BLANK>","you have kids 
MONDAY AMIRIGHT 
game night is over",no,no,,
California’s biggest export is <BLANK>,"failed actors 
squashed dreams 
teeny tiny oranges",yes,no,,
What’s a badass name for a badass sword?,"The Hellcutter 
Mr. Stabs 
Harold Von Fearblade",no,no,,
Kids these days are skipping first base and going straight to <BLANK>,"home plate 
the garage 
the sticky cave",yes,yes,,
Modern pirates don’t steal treasure. They steal <BLANK>,"stock tips 
the silver screen 
real estate licenses",no,no,,
A name for a superhero who is basically just a rip-off of Batman,"The Nighttime Boy 
Sad Flying Man 
No-Parents Man",no,no,,
"After a massive downsizing, the store unfortunately had to be renamed Bed Bath & <BLANK>","the outlet next door 
your dad's house 
some other stuff",no,no,,
"<BLANK>: It’s hard work, but somebody’s gotta do it!","Eating the leftovers 
Correcting people's grammar 
Spoiling the plot of ""The Sixth Sense""",no,no,,
What’s the perfect hide-and-seek hiding spot?,"next to a fog machine 
behind a REALLY big tree 
the Mariana Trench",yes,no,,
Halloween would be even spookier if it were called <BLANK>,"Only Candy Corn Day 
Ghost-a-palooza",yes,no,,
500 years ago freckles were called <BLANK>,"The European curse 
cheek lint",no,no,,
It’s easy to walk out of a timeshare pitch... until they offer you <BLANK>,"attention 
free candy",no,no,,
There is only one person you should follow into a dark alley and that’s <BLANK>,"anybody with snacks 
a fireworks salesperson",no,no,,
Austin’s new slogan should be “Keep Austin <BLANK>”,"away from the bats 
a little silly but mostly normal 
underground",yes,no,,
"Remember kids: if it doesn’t have <BLANK>, it’s not anime!","begrudging respect between rivals 
crying 
extended screaming",no,no,,
What secret is your left hand keeping from your right hand?,"where the good nail clippers are 
how to play the piano",no,no,,
What do most Rorschach tests look like to you?,"squid droppings 
my childhood teacher's judging eyes 
spilled soup",no,yes,,
"“Of all the gin joints in all the towns in all the world, she walks into <BLANK>”","a bad bar 
Pizza Hut",no,no,,
Something Sonic the Hedgehog should NOT be doing that fast,"open-heart surgery 
repairing his broken relationships 
smooching",no,no,,
The most difficult hole in mini-golf is a tiny version of <BLANK>,"my high school prom 
Finland",yes,no,,
"My trap is fiendishly simple, Mr. Bond! Once I pull this lever, the floor will become <BLANK>","ugly 
covered in alligators",no,no,,
There is no “i” in team... but there is an “i” in <BLANK>,"My team is bad 
Tim 
losing",no,no,,
"First the cat gets your tongue, then it gets your <BLANK>","soul 
teeth",no,no,,
A terrible last name if your first name is Dick,"Dick 
Cissel 
Richard",no,yes,,
"Ok, fellas, let’s have a fair fight. No spitting, no kicking and absolutely no <BLANK>","falling in love 
double dutch 
discussion of socialism",no,no,,
An embarrassing person to accidentally call “Daddy”,"Arnold Schwarzenegger 
your priest",no,no,,
A blood type only found in extremely sexy people,"XXX 
O + MY",no,yes,,
The worst inspirational sign to see while running a marathon,"Try walking, loser! 
Warning: lions around the corner 
You could be indoors right now",no,no,,
"Weirdly enough, the NFL has agreed to let players celebrate touchdowns by <BLANK>","scoring more touchdowns 
humming a lil' tune",yes,no,,
The federal government should have an executive Department of <BLANK>,"Freak Outs 
Swampland Rehabilitation!!",yes,no,,
The last person you’d take financial advice from,"my father 
my ex 
24 hour fortune teller",no,no,,
A less radical band name would be Rage Against The <BLANK>,"neighbors 
local school board",no,no,,
The title of a mixtape you would make for your boss,"The Smooth Sounds of Stapling 
The Copies You Wanted 
15 Songs To Tell You I Quit",no,no,,
A sign it’s time to wrap up your day at the beach,"fourth-degree sunburn 
Godzilla's on his way 
a seagull insurrection",no,no,,
The coolest kid in middle school is always the one wearing <BLANK>,"Heelys 
the armor of the self-assured 
head-to-toe leather",yes,no,,
There’s the problem! You’ve got a huge <BLANK> stuck in your sink.,"severed hand 
cantaloupe",no,no,,
A bumper sticker a goose would put on its car,"Honk if you're a fan of honking 
Gosling on board",no,no,,
"If you don’t have any teeth, the tooth fairy will gladly take your <BLANK>","credit cart 
gums",no,no,,
Fine! If nobody is going to ask... I will! What’s that smell?,"success 
a delicious pie cooling on the window sill",no,no,Fart,"How predictable. You know, Jackbox has been in the fart game for over twenty years. Our library of fart sounds is the envy of the gaming industry. Hell, there was a time we didn't think twice about catering to your juvenile whims, but we are older, and wiser now, and we know when to say (fart noise) Mwah. Thanks for listening."
A good excuse for not reading your friend’s new screenplay,"Whoopsie, I forgot how to read 
Allergic to words",no,no,,
Huge twist! Turns out the monster was really <BLANK> wearing a mask the whole time!,"capitalism 
a teddy bear 
an ice cream sundae",no,no,,
A good sign that Santa doesn’t give a crap about his job anymore,"Two words: reindeer sausage 
Started Santa Prime 
$9.95 to be on Nice List",no,no,,
The best marketing slogan for your butt,"Now mostly gas free 
Once you pop, you can't stop 
Got Butt?",no,no,,
"It’s not all Bible study! On Wednesdays, the local church group is known to <BLANK>","write dirty limericks 
enjoy a good buffet",no,no,,
Michael Bay presents <BLANK>: The Musical!,"Mark Wahlberg 
Books",no,no,,
Remember: Never buy a build-your-own <BLANK>,"blacksmith forge 
Predator 
planet",no,no,,
The shrimp boat captain never worked again after accidentally catching <BLANK> in his net,"a golden crawdad 
some sinking billionaires 
Matt Damon",no,no,,
"Finish the rhyme: “Roses are red, violets are blue, I got you this card, <BLANK>”","to break up with you 
the bargain is complete",no,no,,
A slightly more appetizing name for “leftovers”,"Dinner: The Sequel 
Microwave Friends",no,no,,
"If a friend describes your blind date as “interesting,” it means <BLANK>","wacky 
not entirely human",no,no,,
"The DNA test proves you are not the father, but you are <BLANK>","a father 
going to be soon",no,no,,
"For a wedding to be legal in Florida, <BLANK> must be present at the ceremony","an alligator 
the local biker gang 
a Florida man",yes,no,,
The perfect excuse for getting out of gym class,"I've already gone pro 
I'm allergic to spheres",yes,no,,
"After her husband died, who did Mrs. Butterworth eventually end up with?","Mr. Worthy Butter 
Jack Flap",yes,no,,
The biggest pet peeve among modern zombies,"vegans 
high-rise apartments 
social media bullying",no,no,,
Something you shouldn’t say in a crowded elevator,"I could use a cuddle 
Oh great. Diarrhea again 
Anybody mind if I practice my banjo?",yes,no,,
"The worst thing about being really, really sexy","Nothing. I love it 
Spend a fortune on bikinis 
People keep giving you apartments",no,no,,
The best way to stay young forever,"Become a vampire? 
Never stop dancing 
Change your name to ""Turbo""",no,no,,
Something you might overhear in the White House,"Didn't I just talk to Congress? 
Wait. Kansas is real? 
Anybody else see Chester A. Arthur's ghost?",yes,no,,
What sound does a shy gun make?,"Sorry, sorry 
Shh, shh",no,no,,
Book adaptations have gone too far! Now they’re making <BLANK>: On Ice!,"The Fault in Our Stars 
The Encyclopedia Britannica Books A-D 
War and Peace",no,no,,
"In the next Donkey Kong game, you’ll get to meet his distant cousin: <BLANK> Kong","Stockbroker 
Spelunky",no,no,,
"There are three types of people. You’re either a witch, a stone or a <BLANK>","lawn gnome 
bottle of soup 
iPad",no,no,,
An excuse for being late that will make people stop asking questions FAST,"that smell is coming from me! 
three words: party boat funeral",no,no,,
What a misfit vampire craves more than blood,"a good brie 
nail clippings 
red paint",no,no,,
First was the bro hug. Now bros are doing <BLANK>,"the knee tap 
the skull rub 
the butt press",no,no,,
The rejected last line of the national anthem: “O’er the land of the free and the home of <BLANK>”,"the largest ball of twine 
fake news 
Hamilton the musical",yes,no,,
Something stupid a 23rd-century human might find in a time capsule from today,"an impossible burger 
a fidget spinner 
selfie stick",no,no,,
Is it just me or is <BLANK> just TOO attractive to be human?,"my mom 
the pizza delivery guy",no,no,,
The most common birthday wish is for world peace. The second most common is <BLANK>,"no more jerks 
for my sports team to win a lot",no,no,,
It isn’t called “sex” in honest relationships. It’s called “making <BLANK>”,"one person feel good 
the best use of our time",no,yes,,
You’re twelve years old and you just got a blank check! What’s the first thing you’re buying?,"water slide, duh 
attentive parents",no,no,,
Someone you’d never expect to give you “the birds and the bees” talk,"beloved character actor Stephen Root 
a bored aunt 
the Ghost of Christmas Past",no,no,,
"If we named all the constellations today, one would DEFINITELY be called <BLANK>","The millennials 
CassioWikipedia",no,no,,
Look up “<BLANK>” in the dictionary and there will be a picture of <ANYPLAYER>,"3rd place 
trying",no,no,,
A terrible catchphrase for a magician,"That's magic? 
Science! 
It doesn't always work!",no,no,,
The best name for a local news weatherperson,"Bob Weather 
Amy Deathstorm 
Tony Hail",no,no,,
"A celebrity <ANYPLAYER> looks like, if you squint a little","Olaf from Frozen 
Daffy Duck 
WALL-E",no,no,,
"And over here are the fossils of the <BLANK>, the world’s clumsiest dinosaur!","Triposaurus 
Bumbledactyl",no,no,,
"When I die, I want to be surrounded by family and <BLANK>","beloved character actors 
an extensive cheese plate 
protective charms",no,no,,
"If we could just turn off gravity for an hour, it would make <BLANK> much more interesting","pogo sticks 
juggling",no,no,,
The weirdest thing you could tell your hairdresser: “Give me the <BLANK>”,"Captain Picard 
hair clippings 
yoga instructor haircut",no,no,,
A shocking thing to discover your kids built out of LEGO,"democracy 
another kid 
perfect replica of you",no,no,,
"The hardest thing to say with a big, goofy smile","Ready for my bikini wax! 
Engine number three failed! 
Welcome to Kansas!",no,no,,
"Oddly enough, the Tour de France takes a tiny detour through <BLANK>","a family's bathroom 
a wormhole 
a food court",no,no,,
The most convenient piece of furniture is a couch that turns into <BLANK>,"a spouse 
a sofa",no,no,,
The best way to “dress up” a pair of cargo shorts,"burn them 
sequins 
fill the pockets with caviar",no,no,,
"The leading cause of goosebumps, probably","Timothée Chalamet 
soft serve in a baseball helmet 
the news",no,no,,
You knew the accident involved a clown car because the road was covered in <BLANK>,"rubber noses 
hundreds of long footprints 
red face paint",no,no,,
An architectural landmark you find weirdly... attractive,"Great Sphinx of Giza 
the St. Louis Arch 
thick, long bridges",no,yes,,
The name of a yacht that you’d think twice about getting on,"Not Gonna Crash This One! 
The Sailor's Damnation",no,no,,
Nobody ever checks in to that hotel room! Not since <BLANK>,"The mule incident 
yesterday",no,no,,
“Revenge is a dish best served <BLANK>”,"with a side of meanness 
at Doom temperature",no,no,,
The community college was doomed after it made <BLANK> its mascot,"A feral gila monster 
student loan debt 
the concept of auto maintenance",yes,no,Schmitty,"Listen, punk. You ever heard of the fighting Schmittys of Lower Backwater Community College? No, you wouldn't have, but we've won our division in Tetherball five years in a row. Go ahead, look it up."
"If you want a bartender to hate you, just order <BLANK>","too loud 
the angriest beer",no,no,,
The slowest draw in the West: Billy the <BLANK>,"not-paying-attention 
man with heavy guns",yes,no,,
"Something that makes you go, “Ugh, fine, I’ll do it”","Frank from Accounting 
babysitting your niece",no,no,,
"My ladyship, may I introduce the most disgusting knight we have, Sir <BLANK>","Barfs-a-Lot 
Galahack",no,no,,
The next big documentary will be about the seedy underbelly of the <BLANK> industry,"Toblerone 
shoelace 
intramural ping-pong",no,no,,
"If you’re being honest with yourself, you’ll never be brave enough to <BLANK>","be hot 
kiss",no,no,,
The name of a clown you would not hire for your six-year-old’s birthday party,"Sad Bad Clown 
Medical Clown 2",no,no,,
The name of a summer camp for extremely shy children,"Audience Camp 
Speak Up!! Camp",no,no,,
Dishwashers don’t have windows! What are they hiding?,"they sell your dishes on the black market 
it's a party in there",no,no,,
A gift your stepdad really tried his best on... so be nice,"friendship bracelets 
tix to a basketball game you'll sit in silence at 
off-brand Hott Wheelz toys",no,no,,
Forget the labradoodle! The best dog breed combination is the <BLANK>,"corgenweiner 
Great Daneapoo",no,no,,
"When in England, remember that they <BLANK> on the other side of the road","weep 
get in accidents 
merrily skip",yes,no,,
Something that you didn’t need to know is gluten-free,"human flesh 
various small rocks",no,no,,
"In the Republic of <ANYPLAYER>, the national anthem would be <BLANK>","the discography of Carly Rae Jepsen 
The X-Files theme song",no,no,,
The worst thing to discover that your five-year-old is drawing,"your face with devil horns 
the pet pony they'll never have 
the sun with a frowny face",no,no,,
Quick! How do you ruin a romantic picnic!?,"give the ants knives 
too many grapes",no,no,,
OMG. Seriously. Where is Waldo???,"behind you 
Cancun for Spring Break 
finding himself",no,no,,
GOOD: hard-boiled eggs. BAD: hard-boiled <BLANK>,"opinions 
dogs 
cake",no,no,,
A fact about you that would impress a four-year-old,"I can swim 
I have a job",no,no,,
What’s the next state we should add to the US?,"Denial 
The Republic of Chili's Too",yes,no,,
"Look, kids, if you can’t agree on a name for that hamster, we’re just going to call it <BLANK>","Meatball 
Batmanster",no,no,,
A bribe!? Is it a bribe to give a federal judge <BLANK>?,"a Rolex 
a money hug",yes,no,,
Little-known fact! Da Vinci liked to draw a little <BLANK> somewhere in his paintings.,"cartoon turtle 
hint to a puzzle about Jesus",no,no,,
"If you lived in the early 1500s, what would YOU nail to the door of a church?","Naruto fanfic 
A nice picture of a flower I drew",no,no,,
What’s something you should never do while wearing sandals?,"tap dance 
run from a bear",no,no,,
Never get in a street fight with someone nicknamed “<BLANK>”,"The Cheater 
Mr. Goes Too Far",no,no,,
The most dramatic way to end a letter is: “P.S. <BLANK>”,"I'm spontaneously pregnant 
Whoopsie, fell down an elevator shaft! 
Boo! I'm a ghost!",no,no,,
What should you label your computer porn to prevent your mom from opening it?,"""Just vegetables"" 
""pictures of skateboards""",no,yes,,
"Before marmalade, Paddington Bear had a crippling addiction to <BLANK>","tea 
pajamas 
sports betting",no,yes,,
The one thing you should never put in a communal fridge,"a dead body 
loose cheese 
your trust in humanity",no,no,,
The title of Herman Melville’s unpublished sequel: Moby Dick 2: <BLANK>,"2 Dick 2 Furious 
More Dick 
Oh Whale",no,no,,
The next hit dating reality series: Love is <BLANK>,"Right Behind You 
Mostly Lust 
Not Fair",no,no,,
"Honestly, <BLANK> might as well be a curse word","""Honesty"", am I right?? 
Flibertigibbet 
fork",no,no,,
Name a snack food for mummies,"Pyramints 
Bubble tape 
Sarcopha-gum",no,no,,
"If Virginia is for lovers, then Alabama is for <BLANK>","divorces 
feral pigs 
mullets",yes,no,,
The title of a gritty sequel to Goodnight Moon,"The Moon Is Never Coming Back 
The Moon's Secret Family 
Eat Lead, Moon",no,no,,
"In MacGyver’s most awkward life-and-death moment, he only had a pocket full of <BLANK>","nuts 
cassette tapes 
dreams",yes,no,,
Did you know that <ANYPLAYER> founded the <BLANK> Club in high school?,"Weird Anime 
Eating Lunch In The Bathroom 
Sad Friends",yes,no,,
You can tell the wine tasting is cheap when the chardonnay has notes of <BLANK>,"gasoline 
tap water 
sawdust",no,no,,
"Ok, which one of you used the Xerox to make copies of <BLANK>?","their medical condition 
smaller, grainier pictures 
the janitor's face",no,no,,
An accurate slogan would be “The Suburbs: <BLANK>”,"Give up on your dreams! 
We've got chicken wings 
It's not THAT sad.",no,no,,
Oh! The handcuffs in the bedroom? They’re not for sex! They’re for <BLANK>!,"guests 
my lycanthropy",no,yes,,
The button on the microwave that never gets used,"burnt popcorn 
blend 
impersonate a real oven",no,no,,
Who’s really America’s Sweetheart?,"You, the viewer at home. 
Capitalism",yes,no,,
"Due to funding cuts, Broadway’s Phantom is now Phantom of the <BLANK>","Dunkin Donuts 
VR Arcade 
discount ticket kiosk",yes,no,,
The most useless feature of luxury coffins,"cup holders 
edible lid 
lumbar massage",no,no,,
"If you want to be a SUPER model, strut to the end of the runway and then <BLANK>","do a backflip 
keep going 
shoot lasers from your eyes",no,no,,
What your smart speaker wishes it could say to you,"Why don't YOU answer questions once in a while? 
Eat my shorts 
You should leave him",no,no,,
Never trust a veterinarian who decorates their waiting room with <BLANK>,"sausage links 
out of reach dog biscuits 
paintings of cemeteries",no,no,,
Your cat can talk for one minute. What do you chat about?,"Where I'm taking her poop 
The best trick he can do for internet fame 
the ""other"" cat",no,no,,
A group of tax attorneys is called <BLANK>,"an audit 
a deduction 
a number",no,no,,
"Nothing can stop the Terminator. Well, nothing except <BLANK>","paternal instinct 
sequel burnout 
salary caps",no,no,,
"If she were alive today, Marie Antoinette would probably say “Let them eat <BLANK>!”","these receipts 
gluten-free pasta 
at Domino's Pizza",no,no,,
Fine!!! What’s the sexiest animal?,"a bluebird with a steady job 
a pile of carpenter ants 
a swallow",no,yes,,
The amusement park was a bust. Now what do we do with all these cloned dinosaurs?!,"Let's try an amusement park AGAIN 
jerky 
petting zoo?",no,no,,
The worst thing to step on with bare feet,"your son 
Mr. Soapy's Acid Goo Bathtub Cleaner 
hot magma",no,no,,
Did you know that Ben Franklin also invented <BLANK>?,"infidelity 
the Snuggie 
the internet",yes,no,,
The dance move that finally killed disco was called “The Funky <BLANK>”,"Knife Set 
Cornish Hen 
Comfortable Seated Position",no,no,,
The worst thing to write inside a “get well soon” card,"This was your fault 
Can I borrow your skis? 
Happy Anniversary!",no,no,,
A bar for corrupt politicians,"The Gerrymander 
The Fleece 'n Robb",yes,no,,
A job title you probably shouldn’t put on your LinkedIn profile,"Wizard-At-Large 
Definitely a Human Businessman 
Domestic Boss",no,no,,
"In heaven, you will be surrounded by friends, family and, for some reason, <BLANK>","Anakin Skywalker 
that turtle you saw at the zoo in 2007 
marshmallows",no,no,,
What did the band the Barenaked Ladies originally call themselves?,"The False Advertisers 
The Naked Lady Bears",no,no,,
The most innocent thing you could type that would result in a Twitter fight,"Guess I'll give this Twitter a try 
Hi, everybody 
Aren't kittens cute?",no,no,,
One thing someone could whisper in your ear to win your heart forever,"I have bacon 
I'm rich 
I will bring you ice cream",no,no,,
The name Dr. Frankenstein wanted to give his monster but decided against it,"Slim 
Vic Jr. 
Dracula",no,no,,
"If humans could acquire a sixth sense, it should be <BLANK>","super smell 
laser eyes 
empathy",no,no,,
The coolest thing to pop out of Wolverine’s hands instead of metal claws,"Lipstick tubes 
Tiny chainsaws 
Flu shots",no,no,,
Something SO much worse than hair to find in your food,"eyeball 
scorpion 
shampoo",no,no,,
Name the sequel to Cats. Cats 2: <BLANK>,"The Neutering 
Hairball Edition 
The War Against Dogs",no,no,,
The strangest thing to discover in a mummy’s tomb,"My old 3DS 
A daddy... hah! Got 'em! 
Amelia Earhart",no,no,,
A surprising thing to get trapped in your Invisalign clear tooth aligner,"a thumbnail 
a fishing lure 
an entire bag of french fries",no,no,,
Avoid any restaurant with a sign that says “As Seen on <BLANK>”,"Security camera footage 
Top Gear 
the back of the church bulletin",no,no,,
It would actually be chill to die in an avalanche of <BLANK>,"puppies 
first-edition Pokemon cards 
sick guitars",no,no,,
"First, the Grinch stole Christmas. But he went too far when he stole <BLANK>","Our hearts 
Arbor Day 
my identity",no,no,,